Address,Private_key,Public_key
b'3eqLZijdad7VCLHPXfsViZJGpKFGupeQrjzz7DDD4SxTDXaS7F4g4Dv',b'-----BEGIN RSA PRIVATE KEY-----\nMIIEowIBAAKCAQEAp1MBSjL0jvMLhBU/Bj3CxSoKZcVXRBgvJ+2SNqZpR1IKfG4c\ntso5lFWC+GfhEZq3saZX4cBWcvhWyJX3a/vvw3p+AUfPX3WASr3SW9QngNwIQyea\nKbj3PXX2ooUEmKZ5j+tQibZ+LQYoxhiwrRcP2W1X4XdPg5Chws8eM0IWCspIAnN7\n1SK9RPakeo5qxHDojMyQDITHaaom3VadmbQZ9mZSTUr74HkOyj8mjvFk9dmgRe45\nnXICsB4TCgfj4AVQqhJAWKADH8y6sp6e3weXhxgC7UrxwUienBuiNDX5Q2mD9roS\nwPBtH4Xj3Q23JRMIb3uRMOnUUeEsokwa/3pdzQIDAQABAoIBAA2SV+HwhR6Z8kt5\n1hbuNOYwgg+XWvv5qP8bljon83uAWSJjltRxGnKzuhmAHEs4JrTAy1/S7am9bXvI\n+JZOvoSD/HfWuI7Dfvu3YgcZvt4eurrVTPwb9edxy7OKurQCmL/GjedFoP4k6D/w\nUIneYeY4WyIjpWFRMcjiOAH48JHAwCzoj+jLdkisCibemHqdxGAsKuh+Lf6QaA8W\nNTmG5e/S5YSF88rLLzWIHxcABzchx7G/scPwFt4DEIgPqagTsuCETqR2blTTF+2l\njVFqHEYWv6eVlovr7ZEuCAkale/RgePCMsXup/vc1aL+yuC9QLudgpyk5FbIwG1n\n60pqoT8CgYEAu971BQpuF6xFd4bXSe+30Apo+FZihBhEGXuh1+M/EeN/gPy9DAwP\ntTG/3gmHO1NyJ5R9cQBA1u1nVQICy41fSyiGpM6vAHBURuFyUAvo9o5Nbck/j8B8\ndTNoXABtmW//10lIN/E+Be+pAMI0l6HlzqvEk3dtogOArEJ5ACLmINcCgYEA5ACX\nWNf6zmZululYKSXA5xnS2drxSR+1OZUgmatf5qjvbmsyk/pt9qgW9bDpRzX9BN+l\nIwlHK3n1Shdw1gKv5XhC0R4PrbcmlYCloKTdvBwOqIrlZLHbKzDEqyldZq2+ziFs\nIIerJQtPIWb3mrd081VLExmNkEQV9cYrne9UzfsCgYEAjhOMxKUgoPJ9DmmBAr8x\nCTn2LGhX1IHtbkAbIwMOPV8Im+mGpkew0VywNyCJjooKuHgJbZ29a0zaamU86+cb\n++DIAnbzzacldP0lz/dR1LPFRpN9aB8vgArCj2EbgYA7wPoAjZ35Q8/8xUAZOdsL\nygIIhWU6Gd4AP0V98GZ0Fr0CgYAD6Q6vc2TVzWPwKqhcbE1WqVa4bczdmDGffzND\n73CBoDwbBLOlXhIsvM1IAXS+x+pC/yLx6uLRmBHg524D/Z/Oq7VZqM5UCGQdBEvS\n6YD0DPcjZN5yT6qWnwuAdAEqFajEGEameC0zQXJl/EIa4TKcScYz2ahX5RMLWA6/\ncq9dqQKBgAUTSOjWalhQqXtnEdL74aMbYy5G9CHNv0M9F+BOunOsMPKbe2Ji0iVe\nkge11c199OYRCZF16WGL3PVOg0syzqStygDgZyhNORutzFHlqlK9iU7AbXq+g1et\nHtWAQLGVZ/uzc+37aOIcds6fwb5chnic5Go8dnTuPYRu6X5kuuTq\n-----END RSA PRIVATE KEY-----',b'-----BEGIN PUBLIC KEY-----\nMIIBIjANBgkqhkiG9w0BAQEFAAOCAQ8AMIIBCgKCAQEAp1MBSjL0jvMLhBU/Bj3C\nxSoKZcVXRBgvJ+2SNqZpR1IKfG4ctso5lFWC+GfhEZq3saZX4cBWcvhWyJX3a/vv\nw3p+AUfPX3WASr3SW9QngNwIQyeaKbj3PXX2ooUEmKZ5j+tQibZ+LQYoxhiwrRcP\n2W1X4XdPg5Chws8eM0IWCspIAnN71SK9RPakeo5qxHDojMyQDITHaaom3VadmbQZ\n9mZSTUr74HkOyj8mjvFk9dmgRe45nXICsB4TCgfj4AVQqhJAWKADH8y6sp6e3weX\nhxgC7UrxwUienBuiNDX5Q2mD9roSwPBtH4Xj3Q23JRMIb3uRMOnUUeEsokwa/3pd\nzQIDAQAB\n-----END PUBLIC KEY-----'
b'62hinNWsEnxCFxnP3kyzDYhWFqYBhpST2tf43sRjueywLbjCXRMRF2r',b'-----BEGIN RSA PRIVATE KEY-----\nMIIEpAIBAAKCAQEAuYHTvTM1xzY0W9RRTTWdHSuJKIEmYmDzu09Ku+QqGI8B+hlw\nzuTGHkWt7u0wwtBBSDxcHU4s3qC7injkgylhOC4CWfrL0dLQwP5Evhd+K9vgUDua\nBgskIipP3w7lr9ZKr7eNM4XkbTJJiRB6cYzhWoIIRhvJzaMbCn2nzqGbd2lSBN4w\ndo7kvEun2tFg83Qzh4+6zVRqjGAyCGGyUnHNk1r8qTu3iiNEnTjYqv10mF6P/Wm5\nVzsf9nfkrANnrvn9r2su7WoVLcUn+HfiJL4zhTWNLxYkf9UEBIJb5m2cCucKq1vO\nNKpotz816iQGCjSRgw+flfgxW+7J7HbIJafHSwIDAQABAoIBAAhVTK2zHzdTuAZo\nAz70qZol2oN3ScIhmNFRPooyNbHkurIBco/Ytw2lE6sn/IjD0irsizbFzD4z+ji+\nNYWu1i8v4eso2P8T+UyyH2RqqcBOoET6aHDdD0J5pBzhDnBXsAM0u6MU4K4HFEaT\n9uwi5/yo2rZLiUUzjoNqIZ+motU6UmCCLjaDaA8n9n8iZY1PMr1gzvQHNL4pnfUi\nzVJvjxD6UZii2Yri5yI6sGZptq/+vL3U22cFdRS/uFBDMXJ9jszAcCiJe9gIyjfZ\nOjPmPQ+0a8vopRuToS8pLD96HKzRdovs2WNp5qtgicdS9rRwk5csBfstlsgDX688\neuZ5MAECgYEA2AaFC6okP10Xct7gBLbE5cAG5Sy6R9WeLXN2XLjmLcmDw/6TlVZT\nLBrUa+PifM/gc6GuICzqZkD6fj3XfvCnECvbxW4L+zuW9htFULfzwocnH8HKmM5r\noOY/o/utR/1sI4/8TeGt6ocXEpou4g35raTdZ0CP3oIzRux+buhChpECgYEA29Wa\npW8O8au5R9hjCiz3pbq0SK9e8Cj8ykFf/X39lJyAvJVmjYeZqMI72TQjkV+sTr5g\nXE5qG5qjOITSt422/VAl8RCduGw2WMPavM4kyukO0ZJ5Xs3eidUDHh8RW8xALOY1\nTNKzRK+HsIqs9tHblUf4CGcvHBo9n/2FYVSxNhsCgYEAi/6Vo/yL5wBGHOwwkv16\n1kU+crAsvDbEfkHwN6CfkpagLJjDPakm11M/y/dvpGD23RivBiz1bnS3oK4lBB+i\ntIknsGdjnll8uFrt7aR4dN0vTpZA3AwRlcEBBx0nq5qgxN8fq70P/weyvRxsO5TA\n9HX+AVbGpXUNE+5Y9TjRO/ECgYEAtILjZ3CYPs2ZaGtAd/yQpZ93pi+Kr32YhaPE\n5GvuK3ePJksvWIu+GxrS9fmgMyDyZf5hNaqV6nDCEgjO1jYhykNjxFy2hdclkSHR\nnTNQduWEa4Xw723wjBFDbBpqsIw5LiUiIyDoX0AbFVXpzQppWl0sSAoiXtsVOyh7\nu35FvX0CgYBaWI3pw6Eg2NvsY1sDOABt4PZ0ZkJqU4YlcNw3FGL+nUoATtjkmWp+\n67sxLJmQBxpl2oem5OwJE3juPO/e7DnIOLQ3rQAVPXQqD8VrjwmAmmODigUHn9LW\n5sZmZtXtbTi7jMEOfZ3dizO6a8jSTxhkFo2X8NKL8r70lGl41th1VQ==\n-----END RSA PRIVATE KEY-----',b'-----BEGIN PUBLIC KEY-----\nMIIBIjANBgkqhkiG9w0BAQEFAAOCAQ8AMIIBCgKCAQEAuYHTvTM1xzY0W9RRTTWd\nHSuJKIEmYmDzu09Ku+QqGI8B+hlwzuTGHkWt7u0wwtBBSDxcHU4s3qC7injkgylh\nOC4CWfrL0dLQwP5Evhd+K9vgUDuaBgskIipP3w7lr9ZKr7eNM4XkbTJJiRB6cYzh\nWoIIRhvJzaMbCn2nzqGbd2lSBN4wdo7kvEun2tFg83Qzh4+6zVRqjGAyCGGyUnHN\nk1r8qTu3iiNEnTjYqv10mF6P/Wm5Vzsf9nfkrANnrvn9r2su7WoVLcUn+HfiJL4z\nhTWNLxYkf9UEBIJb5m2cCucKq1vONKpotz816iQGCjSRgw+flfgxW+7J7HbIJafH\nSwIDAQAB\n-----END PUBLIC KEY-----'
b'3hFCPH3MKx12Q8Q2YxoLZiveVNfsbNdwhkPjCEDEavYhzLMQuuzCK3b',b'-----BEGIN RSA PRIVATE KEY-----\nMIIEowIBAAKCAQEAnOvBQ33orxWxSGbodyNbMDSCarEhwuSw3a5QoWBa7Dy4v+3L\nTp9EWPAjFlraR2s763XW0wOj1AMDS132etlXMsLxCjSQd8j2inIRro8am2oyWbwe\nZQsCyxJ/qORF+yjoUqsjm7OzGzqqExDmzasp8T+FiF1hpxJN/JeBU54hRZxCdQ68\n7NRjZFwIuAxE1rAs2LbHQVTyGwJz5Yjeic7Z5ldnAkKCkQm5Mmny6p9nINwwriq1\nfd1zSTaJ3nygV7z1e9D//Wq99/EuZwD61lpqXDWGL7uhi3ZY7Nok0Fr1oVTTC3da\nleZgD8d8obcNojMYs3f0kFSNVE5lz6C4veMAEwIDAQABAoIBAA+NzrpB4K56F/h1\nOtWUS5WbntG0fQQ0ZtOSU6urQVfpLObZSy2f28Z1BwVQPBKYLnhIVeLUmYiKQ+lU\nhvnmUR5W9E1uqGM3KDjQ1a/Xv2toO1VpsBmT3dMDImQ7PDSI+X44OG9WgIpSZkk9\ng6MfNCkVgsbheqx0xAYlfkwrgGDF1JPFKAADmOyQ33DHlCQO4gRi4jAjuB4Vcr04\n2VlUDWuVi8md/TioPAP3d8jn8vbhABa74FMxpGz3HPySzqtrsLCLIuIKR6yP4H9s\nQ7wH85hV1ouAamxl7+dthGOawI/H6btI8YjQVQ9tzuUNk7kBh6jsU3/xyEBPcbDI\n1JddMwECgYEAxajzVTaAuU6afm5cVZPDqxPaVTNRVrxgaZUq6jeA/isMO1YYKNwK\nEEuUPoKixU4h2f2nEBbGu0KfWuYktzyHxyQ4N/B+uTnvV5GaKQXwdbPqNmKP+3iG\njtjERkzIVcKHFTk1DYay9HuoSOiIysNTgz7yNzHxV4J9JqwqLNwunX0CgYEAyzyX\nKHRLHXe8Bc8V43P8qV1CVY+sREio8Z4Y92NuYWu6fGo0K2phNamI8i8/od6NS6pe\nKnvRsIOdGMF+j6OghsQ26ZSZqk4ai9OjOig6rgaA87CFlSzGUb+xxyPDpH/jb4IT\nIr5q/d+sgm2nnCXq6EZV9aJHJLZmmzBKMlZIyM8CgYBLIbg0qL3vMgiZjDt+r+cN\nTUONZS9Cx+Hh4DhqxOQ8OIKyvzv5tAIDRac4x5E1bEiDwt3QyMeLgHxwIdDM8a4u\nrP7NjJWutG3cnFS7yS0ooFWjjH1sOdjzzUN18VOo/YM5NwCKfqvhMGu8It90KyDA\nX5nUDyDMgaYun/x8BsmVRQKBgA6rDtXSnuE/lQhuS8wgwOmQW4tFVU+QVvEpUe/4\n8yyA0/LKz30arm1rEQE5u8P5BgWiBC3YxeeReDMjM/k1/A3992CgYv7RqETTP4Kh\nCKsquP/di6aalq2rwi73O9WRjV6s6qilSZ+NFyxKscApVGzzNp0F21ChAYLN120O\noS4tAoGBAK8LfLD6TBsYwtNrX2tP4kqH1MWOmUmm0EVjYnLKr57xV+4vO4RNJyFa\ncWRE4azm6CRDf7WzcvmQVIVBnYS/QPOsXuBT2lqdp1Je1skA0B5x/2Gcp6MigkOX\n5u/L2Mpui8BHIuvDQJI3wx7akjX4ToNlok5IoKVpqmrjTBd2ccU+\n-----END RSA PRIVATE KEY-----',b'-----BEGIN PUBLIC KEY-----\nMIIBIjANBgkqhkiG9w0BAQEFAAOCAQ8AMIIBCgKCAQEAnOvBQ33orxWxSGbodyNb\nMDSCarEhwuSw3a5QoWBa7Dy4v+3LTp9EWPAjFlraR2s763XW0wOj1AMDS132etlX\nMsLxCjSQd8j2inIRro8am2oyWbweZQsCyxJ/qORF+yjoUqsjm7OzGzqqExDmzasp\n8T+FiF1hpxJN/JeBU54hRZxCdQ687NRjZFwIuAxE1rAs2LbHQVTyGwJz5Yjeic7Z\n5ldnAkKCkQm5Mmny6p9nINwwriq1fd1zSTaJ3nygV7z1e9D//Wq99/EuZwD61lpq\nXDWGL7uhi3ZY7Nok0Fr1oVTTC3daleZgD8d8obcNojMYs3f0kFSNVE5lz6C4veMA\nEwIDAQAB\n-----END PUBLIC KEY-----'
b'62dvVMQJXn8NJSk81PUnQ3xfQGX5Psy2MoSANMVnQVoBSs7RoZVNs3m',b'-----BEGIN RSA PRIVATE KEY-----\nMIIEowIBAAKCAQEA2G5jSIcveh1k2cmUtYYhZZq55tN0fsVa0LzZznrqz4qCoXWx\nh7nhBSjg32WpLngSBUebVttKYNGhkrmIg3A4LjtaKCobSXCzuRLu5plYDP9gIDnN\nLb+gDJ3CfcCq9nkkNY96yYpacDrYtnhG5qlVItcevwzJJ/hN+//sgRVKxtmm9eDa\nbB+WLI+Y+DyDIBMUoRbbs949HDA8+2kDWLN59LHVXQSN3fAZI5VLH/gYm4Noiky6\nwLEYQrmcVjrvvpaiieTYZ++64ww3ELvzb9ZsNdIPCxgmRVLQTuahIkLaGES+0wog\nTJhjqYu9YW6q7iBLwn3KCMwE4P2CRL3EjJI/1wIDAQABAoIBAAFhX5U/N1s568RN\n04o8inKA05DbTQief1b6ibtULA/Kpm/wyu+Zvz4QgA8GZAHydKyLEVPZ1hsDlPV8\nGzuuKUIsh5y//ya1IyuzJVHMji4LCr1/sdiwtphw6a/mosi/IXEBV8q6srpjwg5K\n5xcLAhJYvPt6YRwuIsUxhDKH1hkHQsQA0U2fMSbjsDOpg6JrQes+uzz3m1OU2yrp\n4pQnLLtOtCi7HMjJP2hbb3tqqdceVqCrNzvhUV2Zx7XuBdCDInzWmCGzEG1Iq6Nq\niOAr8NAjVkOjiVKKYAuAf+jajfVwy4ZbYGi+hapqV3JkPkpfwOk9wORJ5VvkqL+2\nJrMDlQkCgYEA6nI4taWPwc5/j//nHTS2GOHStLxarlMNH5B5GMhSW3kTPteRGgvZ\n3qap0PLLEfYaDKw8f7OBXPinsnIGZiDccsKADE6Gz5OBJp1qkDmiVQsTW9/j8G5l\nTK1DZLWnxt/Ye9z8rh0rIixZ00nVBZW6lgA7/R4E6S0q0wzxy1taLH8CgYEA7FQt\nV8bq2pTWMbwWUYReYb+XfDgAPvd/i9bPQ/ztS4wCirrKp26DpdPPK6FtQFnlHtIp\nH3D1UqnxQy6wnaExIAK3Hh6GEEzNP6GZ8YBeRFkinnPiYKVwRzsKnFrpqMtLqhro\nM4T7SnkUYL0/YbnrOn1y93BZsXn/x8uvI+YFIKkCgYEAvFAs7vLiSrj0S5UwbYwm\nbEwPdC8K45VAKEdijZ5yUJkq9UIvge1c/fN+2Z/7rxyvhdhe6/Aii6wK/1GJhEUG\n7YL/WWNF87u2dG7i5p/0nTy9OwHWVAxIf9N4G4+yCRNKDwvNRomVWOio6gcW/Vps\nOgpMJR8UsLsf99Ag88gX4T8CgYBk2K7YrBt/1s9oPbjQZEnaMGW2Ljd8pySYSbv8\naSvhdweGp5rew7wNwUrAdYwnT7UD5+6AajVlZvt7Dat0OFq8LCxz/9Z5kixroMwO\nUBbp15d8Qjsxvqcg3kLy4aCf1NCe8AhyI6cP6ocVmOw5CZslRG8Qw7Kil0rcuUAt\nc3RwsQKBgEv+UNvDVKr+jWC7Ru95u0fbwB8kSZx2k6EgZ2dYjKKYLfNKIYKAYITS\n+n2sY6UJG4q/4+YyIYTwan1NEn1+R5PUhL8NTscOuKvgVPcXXH6qcQKCcRfTaW2u\nJRnFyFQytbbkHs8VisdbhYT2gnENul09VLy+E3L7kD469yESYySd\n-----END RSA PRIVATE KEY-----',b'-----BEGIN PUBLIC KEY-----\nMIIBIjANBgkqhkiG9w0BAQEFAAOCAQ8AMIIBCgKCAQEA2G5jSIcveh1k2cmUtYYh\nZZq55tN0fsVa0LzZznrqz4qCoXWxh7nhBSjg32WpLngSBUebVttKYNGhkrmIg3A4\nLjtaKCobSXCzuRLu5plYDP9gIDnNLb+gDJ3CfcCq9nkkNY96yYpacDrYtnhG5qlV\nItcevwzJJ/hN+//sgRVKxtmm9eDabB+WLI+Y+DyDIBMUoRbbs949HDA8+2kDWLN5\n9LHVXQSN3fAZI5VLH/gYm4Noiky6wLEYQrmcVjrvvpaiieTYZ++64ww3ELvzb9Zs\nNdIPCxgmRVLQTuahIkLaGES+0wogTJhjqYu9YW6q7iBLwn3KCMwE4P2CRL3EjJI/\n1wIDAQAB\n-----END PUBLIC KEY-----'
b'3bVRuSp5bbHvYjeqmt5apSJpNq5FhzuvhCudsDnU7rpHFitn2CSxAng',b'-----BEGIN RSA PRIVATE KEY-----\nMIIEogIBAAKCAQEAxThkXkFH3X+wGYfbA6ZPDLoC7iG+17skwzP7abU8iRg+nIFH\nuBP/lSVqeaI84eMW0q9VoiBlf+fd7bK1Hc1JMiG3/vIN2iKF5eYIa3JNOT/RgpaP\nKIJUCqjqcj/3AkVFdwVg0uNlK7xptoK8shioPYNhaqcevAQwMxTz1J2cCvMBxUXd\nUoRvAOY1EoZOvYt2I8COlIN4i8mtxViqziUJ8FCioJ9P/355Ib0Tg1bP3q1NJpkR\n+n609LWmfRTOiIeX/jq802B0ULsiAYkOhxcGW90tVczNauZ+jtqjejtxQv9l7BYm\nKEcMk/mK8z18pHk8k6Hz45fRjFFPSndRFLMA6QIDAQABAoIBAAckqwWJY2+VGeJ6\n2Eanns7NB/Z4222Jdjl3/T/sFBDzWK/f7U0Fl4VtP3OG72kINJAjwmbDSC8xFJfi\ntG5WSqV2IxRTlmr3CewtgAvK5v9A5OHQJMfTVYNfxd9t01exxEfWKE9ZV7Hqc52I\noe3MVPFt35xaJSIAjfGztGj0pgLYj6r646vACeInqUUCsU6nZ28ArigK4DlZlHU/\nvEqQv4EV8NyxF5LFcKLfie+L0DrLu8HNOwf1JZ277GjriKkxHs1DmVou1CzQX/dd\noIBDrHq2cf9dE89lgLd9GAobD+ix+5UuTi5xa+shwnpyX8HriH0y2FOx5ClHeUa3\n+CEMCjcCgYEAxtzNvNi8NhO5eSdn2ycUBm2LVIvGXNT6rmbvavoEUjvJpnpXMTWp\nzKFyEpB18PjnP/nNbudq6qmBDDXAgTDzwm1dML/eX0hey+oOM4ieduHal/08VrEm\nUxgHvZ2XiPJLV3c7azldC51nBupDjm3CF7oVkPYat0vzQ7TwYnfms+8CgYEA/eLL\niuf5Qra2guocRzyvR6sfj+kfuVnOJkQqU/UpLRXMtsiGdqailSkLH+pwfmqLO6Em\n+lhEKGjXXvYexu2D3IvnNHe3AjdByZ5NnaWCA0Tlt64XXkVfmR2zyW88agvGyTTr\nPV855Em3LAoI5K95J0Z8e29KIVIu//IeHV/mYKcCgYBlV2TpVjIkBM1CNpiwkCue\nUvjsLwb5i/fsJLzh8WN+XMWYt0Pz6fsMM0Ikv8W69b0zVyQf3oMX7yW6iTH/JGk0\nrfMNwtmaCRF2LWLrVDYdM1/okL7NFx4GvnpDYSo2OfO3MSXwsJ0ALEiyt3OSA9Ej\nsksHQsO+oU/pMy5FoADLtQKBgCgGhUhU4fseiw+AkQy6CHgoBkXN3u59tf5aaMHr\nuJ4e/bMjUe+Kvb7+RX62mx2S9nhkI5z8JWKphKq36oo6D7vJYp3m8bcrtvduOZZM\n7X5OcljO3WhDT5r4D8wF+WROjvxRl3SJerr+1B3hRx2mfFcwyZc8KFeweTBon07K\nO6upAoGAIkcVvCn5r5ZYtju+cwHLeZv7R53Tzf3V8cop09bl++ZfMtdggulCIEA6\nvdKigJ4bs95pzY2ksUm8IrbId5l6JXWDrTz4wmbJF6nT6VgzR4rlbD8v2B/WhflN\n/UzO4EMTuSvrN/lkqwuYM8QQfGRHTigmVHmSo79Co5akkNvMQM4=\n-----END RSA PRIVATE KEY-----',b'-----BEGIN PUBLIC KEY-----\nMIIBIjANBgkqhkiG9w0BAQEFAAOCAQ8AMIIBCgKCAQEAxThkXkFH3X+wGYfbA6ZP\nDLoC7iG+17skwzP7abU8iRg+nIFHuBP/lSVqeaI84eMW0q9VoiBlf+fd7bK1Hc1J\nMiG3/vIN2iKF5eYIa3JNOT/RgpaPKIJUCqjqcj/3AkVFdwVg0uNlK7xptoK8shio\nPYNhaqcevAQwMxTz1J2cCvMBxUXdUoRvAOY1EoZOvYt2I8COlIN4i8mtxViqziUJ\n8FCioJ9P/355Ib0Tg1bP3q1NJpkR+n609LWmfRTOiIeX/jq802B0ULsiAYkOhxcG\nW90tVczNauZ+jtqjejtxQv9l7BYmKEcMk/mK8z18pHk8k6Hz45fRjFFPSndRFLMA\n6QIDAQAB\n-----END PUBLIC KEY-----'
b'3YazHAjNn5M8Zj6z6aVzuotsPFgJziU61EVLKATDMCezNp2P3iJWpbr',b'-----BEGIN RSA PRIVATE KEY-----\nMIIEowIBAAKCAQEAvAcibhJ05NwPjrfdt0mRGtrf7BH+VGhJaA9vcA6qr7cwAm5I\nLp2pdZmtQZ58cyG6Afuv2L1YQ3jQY/n4jpOpX2ayo1w90oExt9z7Mp4VnEnU9dA+\nAFQgC6uZJsVXRWGwCSaVYw/v8GIcoxGIqgk3DiNh0HrDsEVQxkHugKvpJSsuSocj\n5GcDn8FXNHO2qRASfpZgecghDJrymqjX5rqMbB4w8GxlYTiLIktLcEg+4O8Pdrvp\n5VxMvjV3Sl24Eup/S1eT++hgucSMQEG4FnvwJvXUO6Qy9ulRWg58i7InUh7iQe4A\nQ2X1w9W3nZNswPbym69DRFcsf/onY987rFjZuQIDAQABAoIBAB5i+8g0oOIEg1oh\n8kmm8LWZljMJRGQhN23DAtQl9qUvkmluJ6mq7qIz+/k9EukrU+tyoJxDG1LKIUlq\n8iWejPJ/PxLh+xa8LMwFQS5QuHbZwroYFZEJh2VDbdyDa2Np0mBkNSO9hV4AiRa8\nZGzwUM6u3qWp1Vq1FQT5TkFKpwLLtHTvcMZgrOylFHfAugQaTjoKKD7nlmKrNvPC\n5HLN8XUi4uNQhWO5fWjOgl8ejPL3oGn53Mz9wvf2tMMd6IHBVG0S88LfDTVNp1ql\nC+GB2fuoiOQknGU7zsP7M1D2e1lSxaC7UHFxIwbYNeH2FrSDVxz0Rx9qViwM3myr\n1OexsJUCgYEAwWl5x6K90zFNj9zIBYRZSXbV64vNhE+RVywOh8rPu3mffI8OtWew\n2Xg7h+Crbw1lWHQlmV62cigRoSovUVR/5D3exejtdrc8ysPF3MYKB+dLmaEVMUJR\ngLfBLTk3Xv7nu/l9dC0OO3Ds5iliRG3qWIp/1tHFZHiAenfV1WSgk8UCgYEA+N+g\n6ypOlVTG0KiJJrufjhyF/6OK7HKmMHhp9Df4Xqc7BPxEcSeYvkrfXQl6YPQ4oWSO\npUv9WPDAoKhtsJmexKQW+KGa4yMDZfGhZkcH40sdkLCsyMZPua0/BhF+uIvSHD70\nNsUYqSH85IVDbse1fi9XUNoO4btMuvVTAQ1EKWUCgYASXkICg6IjfHsxPnaAj6Er\nKO4IAK7z8dqLvNNkcg5ob5SF79AlykMxZAnDTcL6OPt2+xDXD/ejv8ps0+TKhIvg\n0T9m7EghDiXn28/et7AcMAst++5XT0UORGVENjrb+rlnULppXh4L5x2YfjWm6gln\nfz/E1wc4E3mgJ+FW8seNQQKBgQDcDA6iH2QgETdA4uNxhc9LvdiU8asx6SUcEjvM\nnXhTaJV8kPiK/DHHfzgDcQ/tjcJMoTam3IuDCkunQYTK8uk4gMV2zJzAXALzLjRA\n1GkbBR19A1mipAV17MKewPVEgwwhwV/41Ug6szyBaXr4Bkho677OVB94Yz0yyRq9\nAVfVKQKBgDS5LikdxU04wW5PMifEBHU5RUabKkMUR4svjxm09Qqb+iSpsLu/DtOy\n8+hu+v6dOASWMvMj+U1rgN9EjXkGt3VD0gQ7eWXt3getodkDqbT6d2GkJNqYD6/j\nqeb5fHgJLrymtjZKKr2bx67Bas07CLLmr5+1DtTZNV0K1i5NFUk3\n-----END RSA PRIVATE KEY-----',b'-----BEGIN PUBLIC KEY-----\nMIIBIjANBgkqhkiG9w0BAQEFAAOCAQ8AMIIBCgKCAQEAvAcibhJ05NwPjrfdt0mR\nGtrf7BH+VGhJaA9vcA6qr7cwAm5ILp2pdZmtQZ58cyG6Afuv2L1YQ3jQY/n4jpOp\nX2ayo1w90oExt9z7Mp4VnEnU9dA+AFQgC6uZJsVXRWGwCSaVYw/v8GIcoxGIqgk3\nDiNh0HrDsEVQxkHugKvpJSsuSocj5GcDn8FXNHO2qRASfpZgecghDJrymqjX5rqM\nbB4w8GxlYTiLIktLcEg+4O8Pdrvp5VxMvjV3Sl24Eup/S1eT++hgucSMQEG4Fnvw\nJvXUO6Qy9ulRWg58i7InUh7iQe4AQ2X1w9W3nZNswPbym69DRFcsf/onY987rFjZ\nuQIDAQAB\n-----END PUBLIC KEY-----'
b'3rN4dbZMrKmUsGVUGW1C4bnv8sVQsvi6hfCekQEMJoByeccDnK7BSUY',b'-----BEGIN RSA PRIVATE KEY-----\nMIIEowIBAAKCAQEApa7nwuDp7tXhTAaNWr2tU5tU0R6hVv9NxsAulhYT4Fv/p71k\nIv/+V3COmInV8AJVntplY8ruBNV5oq9tCJBGpNnSHuLHZYsY8U7p8EN+uO6HwVTH\n2e5hZvJaCxEnT0zv36A8NSkN6quYDlsZBYZLRdoUPeOJajHWXWriS+5DzFfNDZcj\nrUSysSxqF1xeE1NsFZUBirxJ7OResFXxZD5aQkkS0dDyVr0GFQtx1Mxm9HomZzcI\nWLbr69xqTRMaen2KPnX0LFenquvOaZ6hJaSAqEbWPRup8Kzki66fHuo0o6FreOh+\n1587TFD6pm02g9Qvl/aBRkUdAzKkg+S0Qz44cQIDAQABAoIBAFAi9Yk+RRfWjka5\n4pPxq0yFlHQjNxE/ogxQNxgz7IA3r0OgKLd/DzOWxvnDrV0NnAEeDC1E4XQoFtGX\nvQqH0gt5KZbzxFL6gOFydFdYJgpnoPTjP1jK4oSrEt9IeDV0do84zvY9ebQ4M+85\no7QW3QCXtvOqQvRAz7jWckccouFKDS9VzvTjK/HV4rXrY836gCf2szvikgNwt1H7\nlzktnO7G5aKEj1gl+gPATbbj2l/SfvPjkkg9wDCr7N5kZTb47AoMkH7O2Q4+htG5\niBDTTB7XIwdhowk+gfygXpZ45VESu4e4LaXvJoT5aDH36nAgfjAo5c1Htw2ppevc\nE8ZFEFsCgYEAy1XggKGUFUza+Gt5om2TDOkPnOssU0pLZjZJEtdndLnLRm7KQwqM\nFvzRN0S0vQmypfULaOcMsjtXghSeIjkOY71GY1s31NoFtqOok/Qu2ceWAo3St2J6\nCGVmHcJtUd1V2EqAe6HWc8+U2oen/I/iQJxnYAiIFDTx4hNF32lE7LcCgYEA0JiA\n4EPQTHYXSJ9KSnlmLUi9drmkQmvNrmCDruIE8QnX77VS7qgr1BxOroaheNdgpoaT\nD143qqJhi62WHPh4OUs8lokp3wrfUxgcww5LGGf/4XqAl6j2ZXyHapV9ML3OjVnJ\nDEAYVUpRALiq4w/YLzTf2s/qYQOEZ3mMbtsOrBcCgYEAsp3zostNbBChYgv3Q4oB\n3Rt2TaAAxgHDjjwtoNF73fu/51U3dAD14tOfbW97XXwBZOuHZFViv8aFLo2yA9of\nG9qO1ISy3NXQownM8ntUFJbQ3dl7uwBUtr9sHsRGh91opaF8kB4wZnd5CSaVmLVE\nSQGbha646xc/TBsmDAVLOK0CgYAbdwj4/lTNzHqyWC7a8XMPoVU47aaADFuviwur\nmhzWc9pXuIMr4z6qFfQSLK3UEF+sbWmti1U/BVRcpMVwGRMTUCGxHGxD7tWKxlD7\nKcWfeAoL8So/TcLrh+L4mKg8I7GvkNPU5heOG1PhCW+OqAZp6MdUsy2ECoeDbFCe\nQ/+BjwKBgCIV2IUMnZKnwQC1DrcBhHWqntfhmr9d0jJRfGUadwTX/sYJWoEHDsRV\nbWSLvS54DiMQritmcxLUpuGarwLjX9ufSK/2MMWthyE8mV144JFx06wMVeu2iRXp\nUTPVy/zUfFM75VpppqQngNzoN32rryGuhzmXoiUn4v6BYxGSQF3U\n-----END RSA PRIVATE KEY-----',b'-----BEGIN PUBLIC KEY-----\nMIIBIjANBgkqhkiG9w0BAQEFAAOCAQ8AMIIBCgKCAQEApa7nwuDp7tXhTAaNWr2t\nU5tU0R6hVv9NxsAulhYT4Fv/p71kIv/+V3COmInV8AJVntplY8ruBNV5oq9tCJBG\npNnSHuLHZYsY8U7p8EN+uO6HwVTH2e5hZvJaCxEnT0zv36A8NSkN6quYDlsZBYZL\nRdoUPeOJajHWXWriS+5DzFfNDZcjrUSysSxqF1xeE1NsFZUBirxJ7OResFXxZD5a\nQkkS0dDyVr0GFQtx1Mxm9HomZzcIWLbr69xqTRMaen2KPnX0LFenquvOaZ6hJaSA\nqEbWPRup8Kzki66fHuo0o6FreOh+1587TFD6pm02g9Qvl/aBRkUdAzKkg+S0Qz44\ncQIDAQAB\n-----END PUBLIC KEY-----'
b'65aDPX6Wm68G6zBb4vcKERJXtiik7Azro9ua5ETkrUgtWE8Dqjb6jBF',b'-----BEGIN RSA PRIVATE KEY-----\nMIIEowIBAAKCAQEAyGczDpKQW9yeVvm2MMQLZlqSxJLF0UyHMh+Jl8dejyapw5Lt\nhZvOIqPXzDmDekGgqJ7adak58vO8rtMvzbRa+btILC/TnKU8sAn7iqDPIKnsYP8H\nBbWWPPAjFuhMCcSl8PWx2x84rDTtKIhl+O2MoZuwVIiF/xvMkJp6ipjDIftlw1yb\nNLsPlORT2wrWkC/uubjYyVDtln7iJG3asRo+4ksTsRDs2MyabzCydligg3lQy5fa\ngSd8VYKQMl2DV55124Ku2yg+QIvgWI9IfwfOYKkQd26IR9TC+lI9eP+tuRKOy0QU\n8oPXX5DPSnxH3vZpQvePSZQz3Tnqx8K2sQ0xVQIDAQABAoIBAANXF6vDgkfLBTya\njDst2VQgaFfXFm2m9+M8UVUdS+nY5srNX8tyowdCxy2ukQ7FmexAPDs/0dPHKjru\nZtqSif2lmHixZ2EyA9vvSVOwhc3xPHEKxHmHjZ8rECVT7oiEeuY+7MhOhz704YsO\naEdeNjzZ/8tjkdAvDMQllFX2YTI8xd/nws9Fk5bhAyUYEWXfXGNjEbb8YZJmFBra\n/GbUhh7O22nzmHvo5dHIOwWw076eNP37hBkU3nJog6zltZRla8MfRvqiQ+IuOktE\nwPMUWYJQ9msF2iuaIKHlKO7Qpy8lgHrxu8nERADhCjowwjfYOMbO26bbR9oJBBZ8\nK6ZrXiECgYEAzn+Sw6wVMJsaTXzA3Fka4YHfCaIoo4Gb173mIU9LKkEfUNkob4DL\nNSdo7oZR1ulMjuDRWsfFxHojw4s6GNPrtHfnXl8se31NX40ZND+yxPnaGV2igqsi\niu3lYPVmwJfD2kdo+kDnGLR1VgQxSdE5KUnlut5TjBGr2YoyTrfk8U0CgYEA+HGS\n/X4W3Yp7qilaCHJumCzOiTjyQXY6ftCsnWFHjbdcxMNcPWauQtOGlLF8zaNnhGRe\nHIcUfVunHoEo7c9RiWfk4UMN/2+NIxcmCGmGbVFLARqDyyZaM1skF/gr8uE+iym7\nrz1HVcwQWxDwqvLXRksueGHQ2wvNAN/CXxXmvCkCgYEAsBLVSKUNeGF4PwQVyozr\nv8cmL6emMSzNflq8xEBBXikjE6Pmt5TBMHSHI4NCexZ4ogeOW3Kl7g8bOZwYkJz6\niOoITU6ntjA0bjn4eLWrsAs+7YwKipJzpLSOdmspDyUY6aEkIOaAZm9Q8WQnxsJw\nlAUfroPuByv2NUqB9N8Whq0CgYA4JpMuL71DPPVONCJhHlvYkOftI629FdeKqecZ\nes8NPI/++Jh0WCyyddRI7wRiBbhzt6t9jxoWawyOXGq/tMec4ppcPyd+v9uKPsUd\nyZvUQTdOfIuk8noYeVTjBfgI4Ned5ETDCnqA7aoUqvN574CwJnXOR21I1JX0yJ3J\nl82aYQKBgFuJNNzG1sM4ktfd4VOvLSe9amFjhht24gCfGNsw19npWrjTKu3od9QU\n3JcqmOwfXJRYcCNY6WZqNpDYze2FOLOYmPhVlk67zei+MnLusAvjqPXfasEI7IQN\nJ29WsU+8FKgAQGK1g9Wt0MgBpnARx85M7d0oQLMcPXBTlDYIudVW\n-----END RSA PRIVATE KEY-----',b'-----BEGIN PUBLIC KEY-----\nMIIBIjANBgkqhkiG9w0BAQEFAAOCAQ8AMIIBCgKCAQEAyGczDpKQW9yeVvm2MMQL\nZlqSxJLF0UyHMh+Jl8dejyapw5LthZvOIqPXzDmDekGgqJ7adak58vO8rtMvzbRa\n+btILC/TnKU8sAn7iqDPIKnsYP8HBbWWPPAjFuhMCcSl8PWx2x84rDTtKIhl+O2M\noZuwVIiF/xvMkJp6ipjDIftlw1ybNLsPlORT2wrWkC/uubjYyVDtln7iJG3asRo+\n4ksTsRDs2MyabzCydligg3lQy5fagSd8VYKQMl2DV55124Ku2yg+QIvgWI9IfwfO\nYKkQd26IR9TC+lI9eP+tuRKOy0QU8oPXX5DPSnxH3vZpQvePSZQz3Tnqx8K2sQ0x\nVQIDAQAB\n-----END PUBLIC KEY-----'
b'3SnqTcvFkheTFaEuNR4tiEYvcchwq4LpQP7L3TRF55XdnEbPZ69v3dA',b'-----BEGIN RSA PRIVATE KEY-----\nMIIEogIBAAKCAQEAuQYKp/r/hHhScRSbdlXgP0p93rLShWMNLaP9c4tWaa6ksejz\nAa/0LDx8e+FUZ5ASbpR7yo6dnN/3wslFXcEUKKtF15kINvRNe0olZXmgKY+A2Rkk\n4URGiATyVYZ7WtytZ4PTCkXstQ/hoxkn3/ijbe6ft8GT6yqwF1sXy5sYqYT0vtxf\ni2+Fad9ca4vLzHugHEOaE2lT39b8jbdydEYxKk/0OQoGnbOnNtf62levb8SUJt4Z\nqY7lozyBWPpHhX0K0XlaD1eP7OEe/6HI4vcS+WAmO/N9uUeQNJHaQGjSDt6xi7N8\nW4XMH+IE0VNuJDLHNx180ms54Q7wgYCIVKiEBQIDAQABAoIBAAtfIEVfPe2VHJIH\nz3SS22+1uG3jxTW+rFHCCrgw1+cyZ+ZprWfM5JUEbwKJIJAl5hrG7vh4fUjl6LB0\n1i8oiFXl4urDjyJGL8M+/8nlvgQtO6DRigyl+YTEyGUdGRSboV+46yiuOq8NJ75y\nXnBGSTse3Puk/t5HrHTJsTkfEkFhiGMAj91egA26h4VbP16YBmNB5mKSjZrQWR0w\n35yZ797h2ObfQbOwjUUI6KA4YBFbInQNpSbU+Yv6KnWv8GP+1eR7Zl5ghDLPNMq0\nEjpwucBpNVAmFqp5vx9uedu2YmZYLz/YkBkE9dWkj5KXnPaXUzF9gc5M1o8wNDv7\nsA+m/mECgYEA2X7I8oNH/1DGlA38VqVxMUL62PpdFClTTTZwsnWcBVbLsnvZyQfM\npkUn7w/bq4lkukeqZI5VneULdtVp1PcUZ5iIf3yGMRXIUzd1NMtotSUVp3rv984O\numRYZnMgb3nI7iLLUEteip4UX51DEbe6C49llD4W6jNutrowVqyd+KUCgYEA2ceX\nkBkjSU1nXWxTUv2LjI8w3oQAWOZ8kjlr6UgVz6N2905IchC9pZ0A17FmmCQjbn3w\nQXjgb6IIfEiyPRlRcPoN6fPUAjD6HO7vti8bUTMHmogrNcJvWDAlXwygt1IASooX\nCxPPN+STntk9lUyNorc3/jNq9k+X4i+X1ybRH+ECgYBdrrvVofCwK9XtTfzkQYz5\nIBW2wli3Z3mHJ6zxYbFbp2BEOA6+BcsDz4P8+EKxp5OonVfqylhck50ViaV1Yxv5\n53zcFQIkQHKyTZABtqAabqfeJRkaDzrO1IwzTOGqwrVmxbv3kQ9e++pgqPeLuSy8\n7/5cFUZ/iLnmoVpS6zV8NQKBgAL/UkCzd97cZ93LTeJIhxEqL1wAqRiQI4rHq4qM\naXBwKYUB2NFpFZMf9BED6guSA8LTjOj5xu0CZ+d+AKYCoTJS3ronlvVowyh+yWHS\niCe38hTYZu/YezvVfc4vGE8tm79q4yJN5X45cSawir5xTUm+B9FB1+kH82kzin11\nlU9BAoGAL4QfRdSvVNH6TdUgpkJE0sCWzkE8FHjjQrlaCzVTYJaUD8nXF1g8eunb\n7xiUpKhe2k4Wop7h4gs00BD86axu0LIyMrTiBiIwIdPOIXfZzGAJ6UngnIeER4HN\nnB2jztCcOFanmoGB++QgOjIEZAgKRx/oorm0DXaKoecEb7DGACQ=\n-----END RSA PRIVATE KEY-----',b'-----BEGIN PUBLIC KEY-----\nMIIBIjANBgkqhkiG9w0BAQEFAAOCAQ8AMIIBCgKCAQEAuQYKp/r/hHhScRSbdlXg\nP0p93rLShWMNLaP9c4tWaa6ksejzAa/0LDx8e+FUZ5ASbpR7yo6dnN/3wslFXcEU\nKKtF15kINvRNe0olZXmgKY+A2Rkk4URGiATyVYZ7WtytZ4PTCkXstQ/hoxkn3/ij\nbe6ft8GT6yqwF1sXy5sYqYT0vtxfi2+Fad9ca4vLzHugHEOaE2lT39b8jbdydEYx\nKk/0OQoGnbOnNtf62levb8SUJt4ZqY7lozyBWPpHhX0K0XlaD1eP7OEe/6HI4vcS\n+WAmO/N9uUeQNJHaQGjSDt6xi7N8W4XMH+IE0VNuJDLHNx180ms54Q7wgYCIVKiE\nBQIDAQAB\n-----END PUBLIC KEY-----'
b'3oVTdqiUxVL7kfnF764hSEayvvSDZVqXsdfZnsocipbWgWtctZgcnfa',b'-----BEGIN RSA PRIVATE KEY-----\nMIIEowIBAAKCAQEAuTn+9keE0K6BtAdjhTlyOIA8I1E9mw+dQhhGK8LL9tsKUxep\nVq1Q93wptNYYlayOqaxBExY1X0QklpZkuQmnxedi2o2iVhaZdgrLjE/2tlPdOj4l\nxzgUSMsWk61tTABF/uzG0n1GB5NM5fvWE73BRTwkKCS15sy/57TWg3LHuUmzWT+I\nmGpXek6xmDvK8p2ZOPTNCeCsPI4/zL2KX5HQ3jeYREauz2BzQCbEkUn/1SflqbjL\nwKqOciegtsUWhXaVHrq7IT57EOSqPaNoj+29YRohNQsV1tP1CbpzFQobYfxuKvso\nv1CLNw8P81l9h0+qMkyBq88taFsfJGbGB2qrWQIDAQABAoIBABbjsJr5IBPUuNEJ\nR7ZfMLsEN8pKgBExJwcTrlo6jo+BJn+5sRK1xMdsl8/R1ERsyE117K3B5RMSfe4B\nBE3sgEffzfLBpXG7hbfVYi2C9TM3XmOT6gG6L6GGPVI/EH5fm0bDNletJPILNSnH\niv8yCBf49GPkk3kDzORCj+67CKzgFaAS0chzG24ZEE3PIAGNYW5+MEnSKsbziMEZ\nEpDjq1ag6HefEWwpEEHGs9ah8uPAmFBNa0jsDAD/iYP4CAGfPxb5DPQgF6pDI+Nc\nF2DB930PBk5uRi30Yk4UpuR2cqAvSjYSAl00hamvvYiDcRnzGTauUQnuoHNhtAwt\nmvMVgWECgYEA17Bt/RLcZC922QqiyNDw8jamUcp9pVLbgnSKOfa7PcVhGB1opgWq\nSkATJcnkJ1f6TUhpnnCWZI0I8yk6RYWjfk+tpCnLxLC2AUUQluo93w0ulRkmI05w\nbxwVThdW1YvkyQwCSUTJ/a07B9N+uMwhMDkiePXneBmvjU9drHQRIUkCgYEA29gX\nvz4eqfWBNuOD8jvuEcRrLJwnt0q7AcqaEorb1JdPEr3NloLf2SSmhfJaueh0U/jI\nuM3V+UMKCUrUCI5+0Yt0/lZEp9b8a10LxDGxF+2RLdmTCvnJduotYjcyGLOBiIS9\nq3tJrzhPQXLe4czCGNfi0WzPYVnzNSfraAZxSZECgYAwlwJwPMuBll/DzW2Wp9tf\n9YfKbT+Y+u2Qmgh5vme4JrsU36svm58dUwn9PVo0stEkj+ebVenLhSo6/VKvTsfi\nMLkBfpj1GoomBxURqnt9wE56MEwzL/yMS1tRWFirivRjhl0NfH20tE3UGYU2xGXF\no1lsvpkCqWavAu4rZ4pkYQKBgQCqRJUv0ybgr3piTpf01qGuNRhktpS0CzcHTilC\nTzWvU3k0pLhD6B0DCrXGbEwETJs8JiUfrJwar+doBwJtlh92n7H/AkWuUH2zkZ75\nVxs30xFsF2UhTRDR/tEjjmhIZU7fsx9LXvNUuCH6KMOi0nlJ0HqlhMahOY96De7u\n5H59YQKBgFmCzgtV2yrInuaj2Kq9e1+9Vc5a5PIfFeLFgqBGpGhOysYk/p+PyyfA\n3dIJehcfBPrbRHrTD0mbqJkSItjtFA/PEcQLZu/A3pQlP9Ri5S990pUCwsJXXrco\nugsu3H3sZ6WBFtFFcYvuu1xJ9toBo5tUfbGxQFZcbGx8HQs3ns2x\n-----END RSA PRIVATE KEY-----',b'-----BEGIN PUBLIC KEY-----\nMIIBIjANBgkqhkiG9w0BAQEFAAOCAQ8AMIIBCgKCAQEAuTn+9keE0K6BtAdjhTly\nOIA8I1E9mw+dQhhGK8LL9tsKUxepVq1Q93wptNYYlayOqaxBExY1X0QklpZkuQmn\nxedi2o2iVhaZdgrLjE/2tlPdOj4lxzgUSMsWk61tTABF/uzG0n1GB5NM5fvWE73B\nRTwkKCS15sy/57TWg3LHuUmzWT+ImGpXek6xmDvK8p2ZOPTNCeCsPI4/zL2KX5HQ\n3jeYREauz2BzQCbEkUn/1SflqbjLwKqOciegtsUWhXaVHrq7IT57EOSqPaNoj+29\nYRohNQsV1tP1CbpzFQobYfxuKvsov1CLNw8P81l9h0+qMkyBq88taFsfJGbGB2qr\nWQIDAQAB\n-----END PUBLIC KEY-----'
